File_name,ram_percent,ram,flash,Code,RO_data,RW_data,ZI_data
heap_4.o,96.216606%,76828,664,626,38,0,76828
usart0.o,1.287430%,1028,564,564,0,0,1028
startup_gd32f407_427.o,1.282421%,1024,428,36,392,0,1024
tasks.o,1.001891%,800,3817,3774,43,0,800
queue.o,0.080151%,64,2346,2326,20,0,64
timers.o,0.075142%,60,939,918,21,0,60
main.o,0.030057%,24,804,804,0,0,24
port.o,0.011271%,9,1033,988,41,4,5
mc_w.l,0.005009%,4,958,954,0,4,0
stdout.o,0.005009%,4,4,0,0,4,0
system_gd32f4xx.o,0.005009%,4,534,530,0,4,0
